epoch,loss,mae,val_loss,val_mae
0,0.0003373782317794394,0.015270645,0.0002307605493115261,0.01279058214277029
1,0.00025506267656965064,0.0136926295,0.00027559812042454723,0.013692693784832954
