epoch,loss,mae,val_loss,val_mae
0,0.014291291002882645,0.014291291,0.013178340857848525,0.013178341090679169
1,0.010968429851345718,0.01096843,0.00957404290093109,0.009574041701853275
2,0.008698414533864707,0.008698417,0.007909982278943063,0.007909982465207577
3,0.006453500232601073,0.0064534997,0.00718064047396183,0.007180641405284405
4,0.006003362539922818,0.006003363,0.00872323097428307,0.00872323103249073
