epoch,loss,mae,val_loss,val_mae
0,0.00036733372394337493,0.016178172,0.0007300116953047109,0.022904152050614357
1,0.0002942448914382112,0.014761722,0.0002037759102677228,0.012329467572271824
