epoch,loss,mae,val_loss,val_mae
0,0.009369312058697687,0.009369313,0.003064421651652083,0.0030644219368696213
1,0.0016967398099950516,0.0016967397,0.0015196655585896224,0.0015196655876934528
2,0.0012247889277205103,0.0012247892,0.0014215747447451576,0.0014215746195986867
3,0.0012511843960965052,0.0012511845,0.0009178048014291563,0.0009178047766909003
4,0.0012523754470748828,0.0012523755,0.0015265882480889558,0.0015265882248058915
