epoch,loss,mae,val_loss,val_mae
0,0.0058602682285709305,0.0058602695,0.005648033251054585,0.005648033693432808
1,0.001996527127630543,0.0019965272,0.001782556768739596,0.0017825568793341517
2,0.001709418962855125,0.0017094191,0.0024711033707717433,0.0024711033329367638
3,0.0015406330363475717,0.0015406332,0.001588492197333835,0.001588492072187364
4,0.0015927277650916948,0.0015927277,0.0015723298711236566,0.0015723296673968434
