epoch,loss,mae,val_loss,val_mae
0,0.006623113440582529,0.0066231145,0.006712290190625936,0.006712289992719889
1,0.0036741866802913136,0.003674186,0.001661387862986885,0.001661387737840414
2,0.0021314754038030516,0.0021314756,0.0014627328695496545,0.001462732907384634
3,0.0014908986351656495,0.0014908985,0.0015352622751379386,0.0015352623304352164
4,0.00145918944508594,0.0014591893,0.0013561068379203789,0.0013561068335548043
