epoch,loss,mae,val_loss,val_mae
0,0.11964839696884155,0.29937282,0.019189879298210144,0.13711243867874146
1,0.11704213917255402,0.29434127,0.01641753688454628,0.1266133338212967
