epoch,loss,mae,val_loss,val_mae
0,0.017035722779110075,0.017035723,0.017981668515130878,0.017981668934226036
1,0.016179890494095163,0.016179895,0.01807810002937913,0.01807810179889202
2,0.01594243654399179,0.015942436,0.018285139044746757,0.01828514039516449
3,0.015391621174057946,0.015391621,0.018770940601825714,0.018770940601825714
4,0.014683415606850759,0.014683414,0.020561894006095826,0.02056189253926277
